Country,1996,1998,2000,2002,2003,2004,2005,2006,2007,2008,2009,2010,2011,2012,2013,2014,2015,2016,2017,2018,2019,2020
Andorra,1.17,1.18,1.17,1.28,1.46,1.4,1.38,1.35,1.34,1.34,1.3,1.28,1.3,1.29,1.28,1.29,1.39,1.41,1.42,1.42,1.6,1.62
Afghanistan,-2.41,-2.42,-2.44,-2.04,-2.2,-2.3,-2.07,-2.22,-2.41,-2.69,-2.71,-2.58,-2.5,-2.42,-2.52,-2.41,-2.57,-2.67,-2.8,-2.76,-2.66,-2.73
Angola,-2.06,-2.31,-2.04,-1.58,-1.01,-1.06,-0.89,-0.54,-0.67,-0.36,-0.35,-0.23,-0.37,-0.39,-0.39,-0.33,-0.5,-0.32,-0.38,-0.34,-0.36,-0.52
Albania,-0.33,-0.54,-0.54,-0.29,-0.31,-0.43,-0.51,-0.51,-0.2,-0.03,-0.05,-0.19,-0.28,-0.14,0.09,0.49,0.35,0.34,0.38,0.37,0.11,0.08
United Arab Emirates,0.96,0.87,0.98,0.93,1,0.77,0.88,0.92,0.98,0.7,0.92,0.8,0.91,0.86,0.89,0.77,0.76,0.56,0.62,0.7,0.69,0.63
Argentina,0.11,-0.13,0.1,-0.78,-0.36,-0.61,-0.04,0,0.1,-0.09,-0.23,-0.08,0.16,0.1,0.07,-0.01,0.01,0.2,0.17,0.01,-0.09,0.04
Armenia,-0.36,-0.66,-0.68,-0.26,0.24,-0.12,-0.07,-0.26,0.15,-0.01,0.23,0.07,-0.06,0.15,0.11,-0.3,-0.25,-0.66,-0.62,-0.44,-0.41,-0.57
Antigua and Barbuda,0.72,0.73,0.71,0.79,0.87,1.09,0.83,0.8,0.8,0.81,0.72,0.9,0.96,0.98,0.96,0.98,1,0.88,0.75,0.84,0.95,0.93
Australia,1.4,1.07,1.33,1.19,0.88,0.94,0.89,0.94,0.93,0.96,0.86,0.89,0.94,1,1.03,1.03,0.88,1.05,0.9,0.99,0.91,0.85
Austria,1.41,1.11,0.82,1.36,0.96,1.09,1.11,1.08,1.28,1.34,1.19,1.15,1.19,1.34,1.36,1.27,1.14,0.91,1.05,0.9,0.92,0.85
Azerbaijan,-0.83,-0.7,-0.83,-1.19,-0.95,-1.06,-1.13,-1.09,-0.63,-0.33,-0.28,-0.24,-0.53,-0.72,-0.41,-0.56,-0.73,-0.8,-0.75,-0.71,-0.69,-0.73
Burundi,-2.11,-2.29,-2.02,-2.29,-2.24,-2.52,-1.52,-1.43,-1.38,-1.64,-1.27,-1.63,-1.81,-1.7,-1.35,-0.78,-1.94,-1.97,-2.01,-1.57,-1.62,-1.41
Belgium,1.29,1.02,1.13,1.26,0.86,0.71,0.8,0.86,0.76,0.62,0.82,0.81,0.95,0.92,0.94,0.7,0.59,0.44,0.43,0.4,0.47,0.59
Benin,1.05,0.74,0.8,0.82,0.68,0.27,0.45,0.55,0.39,0.37,0.4,0.26,0.32,0.36,0.3,0.03,-0.01,0,0.03,-0.14,-0.41,-0.44
Burkina Faso,-0.3,-0.11,0.06,-0.31,0.07,-0.08,-0.06,0.16,0.31,0.12,0.03,-0.12,-0.56,-0.57,-0.76,-0.79,-0.61,-0.87,-0.93,-1.06,-1.3,-1.55
Bangladesh,-0.55,-0.37,-0.72,-1.03,-1.12,-1.36,-1.86,-1.51,-1.54,-1.51,-1.54,-1.43,-1.4,-1.38,-1.63,-0.9,-1.21,-1.26,-1.26,-1,-0.93,-0.92
Bulgaria,-0.09,0.58,0.38,0.47,0.17,0,0.15,0.4,0.36,0.37,0.35,0.36,0.3,0.38,0.17,0.08,0.02,0.08,0.33,0.46,0.58,0.47
Bahrain,-0.31,-0.16,0.06,0.28,0.48,0.31,0.01,-0.37,-0.25,-0.24,-0.14,-0.49,-0.95,-1.13,-1.34,-0.91,-1.07,-0.79,-0.96,-0.85,-0.63,-0.59
"Bahamas, The",1.07,1.09,1.28,0.96,0.83,0.89,0.94,0.81,0.73,0.77,0.86,0.99,1.1,1.18,1.13,0.96,0.91,0.98,0.99,0.86,0.82,0.85
Bosnia and Herzegovina,-0.59,-0.58,-0.53,-0.16,-0.4,0.02,-0.5,-0.44,-0.63,-0.54,-0.67,-0.69,-0.82,-0.54,-0.4,-0.02,-0.4,-0.4,-0.35,-0.4,-0.42,-0.51
Belarus,0.09,0.11,0.14,0.3,0.69,0.16,0.36,0.15,0.34,0.52,0.49,-0.09,-0.09,0.07,0.01,0.18,0.11,0.14,-0.05,0.35,0.33,-0.73
Belize,0.56,0.6,0.18,0.42,0.49,0.4,0.1,0.08,0.19,0.19,0.03,0.07,0.15,0.18,0.18,0.05,0.04,0.06,0.04,0,0.06,0.51
Bermuda,0.72,0.73,0.71,0.79,0.85,0.89,0.82,0.78,0.77,0.8,0.69,0.91,0.96,0.98,0.97,0.91,0.98,1,1,1.15,1.07,1.01
Bolivia,-0.13,-0.24,-0.24,-0.29,-0.83,-0.68,-0.97,-0.8,-0.85,-0.7,-0.51,-0.42,-0.42,-0.46,-0.33,-0.33,-0.27,-0.25,-0.28,-0.29,-0.73,-0.47
Brazil,-0.22,-0.34,0.19,0.33,0.01,-0.28,-0.26,-0.29,-0.36,-0.31,0.17,0.01,-0.13,0.05,-0.26,-0.07,-0.33,-0.38,-0.47,-0.44,-0.71,-0.42
Barbados,1.05,1.08,1.15,1.1,0.92,1.1,1.12,0.91,1.04,1.07,1.05,1.06,1.25,1.19,1.27,1.28,1.14,0.98,0.97,0.91,1.05,1.13
Brunei Darussalam,1.24,1.11,1.3,1.16,1.15,1.37,1.21,1.12,1.11,1.13,1.39,1.28,1.09,0.91,1.07,1.26,1.24,1.15,1.16,1.24,1.11,1.12
Bhutan,0.72,0.54,0.49,0.69,0.92,1.17,1.28,1.26,0.57,0.72,0.8,0.74,0.83,0.78,0.78,1.07,0.97,1.12,1.12,1.09,1.08,1.02
Botswana,1.01,0.96,1.07,0.87,1.11,0.92,1.06,1.02,1.06,1.03,0.95,0.99,1.06,1.1,1.1,1.01,1.04,0.99,1.02,0.97,1.11,1.09
Central African Republic,-1.21,-1.14,-1.12,-1.73,-1.54,-1.42,-1.43,-1.85,-1.85,-1.84,-1.91,-2.02,-1.79,-1.85,-2.15,-2.7,-1.9,-1.79,-2.01,-2.18,-2.14,-2.18
Canada,1.23,0.95,1.17,1.22,1.05,0.88,0.83,1.04,1.01,1.04,1.13,0.94,1.08,1.11,1.06,1.18,1.27,1.26,1.1,0.98,1.02,1.11
Switzerland,1.46,1.44,1.58,1.54,1.25,1.23,1.2,1.27,1.23,1.22,1.31,1.26,1.3,1.42,1.4,1.4,1.34,1.31,1.26,1.33,1.32,1.19
Chile,0.68,0.04,0.49,1.09,0.76,0.69,0.84,0.61,0.41,0.43,0.6,0.68,0.45,0.33,0.36,0.45,0.43,0.41,0.42,0.43,0.01,0.07
China,-0.1,-0.39,-0.21,-0.33,-0.56,-0.39,-0.5,-0.54,-0.5,-0.49,-0.45,-0.66,-0.6,-0.54,-0.54,-0.52,-0.55,-0.5,-0.23,-0.3,-0.26,-0.29
Côte d'Ivoire,0.03,-0.2,-1.24,-1.92,-1.8,-2.12,-2.26,-1.87,-1.84,-1.81,-1.32,-1.58,-1.41,-1.26,-1.05,-1.04,-0.83,-0.91,-1.09,-0.9,-1.03,-0.98
Cameroon,-0.96,-0.78,-0.56,-0.68,-0.43,-0.36,-0.18,-0.25,-0.33,-0.55,-0.47,-0.74,-0.66,-0.59,-0.53,-1.06,-0.99,-1.06,-1.1,-1.4,-1.56,-1.53
"Congo, Rep.",-1.22,-1.5,-0.92,-1.58,-1.17,-1.19,-1.17,-0.92,-0.77,-0.72,-0.25,-0.32,-0.35,-0.49,-0.48,-0.36,-0.53,-0.52,-0.53,-0.35,-0.9,-0.9
Colombia,-1.64,-1.79,-1.6,-1.95,-2.37,-2.27,-2.06,-1.9,-1.8,-1.85,-1.83,-1.54,-1.28,-1.4,-1.29,-1.11,-1.07,-0.88,-0.77,-0.8,-0.95,-0.67
Comoros,0.51,0.56,0.02,0.4,-0.67,-0.16,-0.44,-0.36,-1.09,-1.11,-0.77,-0.56,-0.55,-0.45,-0.26,-0.19,-0.23,0.04,0.04,-0.35,-0.15,-0.29
Cape Verde,1.03,1.11,1.22,0.73,0.92,1.04,0.75,0.96,0.88,0.81,0.82,0.84,0.72,0.81,0.78,0.35,0.87,0.89,0.77,0.85,0.87,0.88
Costa Rica,0.75,0.9,0.87,1.07,0.6,0.63,0.71,0.74,0.58,0.36,0.59,0.69,0.51,0.64,0.68,0.58,0.68,0.66,0.61,0.47,0.45,0.76
Cuba,0.23,0.01,0.25,0.26,0.32,0.36,0.42,0.47,0.45,0.52,0.36,0.35,0.28,0.31,0.37,0.54,0.64,0.69,0.65,0.65,0.6,0.6
Cayman Islands,0.72,0.73,0.71,0.79,0.85,1.24,1.19,1.11,1.09,1.12,1.09,1.15,1.34,0.96,1.02,1.05,1.15,1.17,1.19,1.14,1.43,1.49
Cyprus,0.39,0.22,0.52,0.19,0.53,0.38,0.52,0.54,0.54,0.64,0.39,0.45,0.61,0.64,0.56,0.55,0.55,0.6,0.54,0.49,0.56,0.29
Czech Republic,1.15,0.9,0.33,1.05,0.89,0.65,0.94,1.05,1.02,1.05,0.91,0.99,1.11,1.05,1.08,0.99,0.98,0.98,1,1.03,0.94,0.92
Germany,1.29,1.24,1.41,1.1,0.58,0.64,0.89,1.03,1,0.95,0.86,0.8,0.84,0.78,0.93,0.93,0.7,0.68,0.59,0.59,0.57,0.67
Djibouti,-0.34,-0.96,-0.24,-0.31,-0.91,-0.34,-0.81,-0.26,-0.12,0.27,0.49,0.25,0.18,0.16,-0.1,-0.77,-0.44,-0.63,-0.74,-0.14,-0.35,-0.32
Dominica,0.72,0.73,0.49,0.55,0.67,0.95,0.83,0.91,0.79,0.92,0.67,0.9,1.14,0.98,1.12,1.06,1.08,1,1.2,1.1,1.07,1.35
Denmark,1.44,1.43,1.5,1.53,1.2,1.09,1.07,1.05,1.12,1.07,1,1.04,1.1,0.91,0.96,0.95,0.9,0.87,0.87,0.95,1,0.94
Dominican Republic,-0.07,-0.41,0.02,0.12,-0.42,-0.34,-0.26,-0.11,-0.08,-0.04,0,-0.04,0,0.25,0.21,0.15,0.24,0.25,0.16,0.02,0.01,0.17
Algeria,-1.78,-1.88,-1.43,-1.63,-1.75,-1.36,-0.92,-1.13,-1.15,-1.09,-1.2,-1.26,-1.36,-1.33,-1.2,-1.19,-1.09,-1.1,-0.92,-0.84,-1.04,-0.86
Ecuador,-0.77,-0.16,-0.57,-0.76,-0.96,-0.84,-0.79,-0.85,-0.81,-0.73,-0.67,-0.59,-0.69,-0.57,-0.18,-0.02,-0.14,-0.09,-0.07,-0.09,-0.23,-0.36
"Egypt, Arab Rep.",-0.52,-0.02,0.05,-0.41,-0.64,-0.82,-0.63,-0.84,-0.55,-0.51,-0.61,-0.9,-1.44,-1.44,-1.64,-1.63,-1.5,-1.44,-1.42,-1.18,-1.11,-1.21
Eritrea,-0.94,-0.97,-0.77,-0.27,-0.72,-0.64,-0.8,-0.9,-1.05,-0.71,-0.68,-0.88,-0.77,-0.7,-0.77,-0.81,-0.88,-0.66,-0.73,-0.61,-0.7,-0.98
Spain,0.18,0.13,0.46,0.44,-0.04,-0.09,0.2,-0.15,-0.28,-0.38,-0.47,-0.32,0.02,-0.03,0.01,0.24,0.25,0.41,0.28,0.29,0.31,0.4
Estonia,0.77,0.66,0.9,0.93,0.9,0.7,0.6,0.74,0.63,0.57,0.57,0.66,0.61,0.64,0.75,0.78,0.62,0.67,0.65,0.59,0.63,0.71
Ethiopia,-1.05,-0.63,-0.94,-1.22,-1.41,-1.31,-1.69,-1.74,-1.8,-1.73,-1.64,-1.64,-1.51,-1.56,-1.41,-1.34,-1.5,-1.62,-1.68,-1.28,-1.31,-1.74
Finland,1.41,1.47,1.72,1.76,1.69,1.62,1.6,1.5,1.49,1.45,1.46,1.42,1.39,1.4,1.39,1.28,1.04,1,1.08,0.91,0.85,0.94
Fiji,0.83,0.86,0.3,0.47,0.45,0.39,0.38,-0.04,0.06,-0.07,-0.27,-0.19,-0.07,-0.07,-0.05,0.55,0.58,0.92,0.62,0.86,0.78,0.75
France,0.89,0.7,0.79,0.93,0.18,0.35,0.4,0.6,0.56,0.55,0.51,0.68,0.6,0.55,0.45,0.3,0.11,-0.1,0.28,0.03,0.3,0.31
Gabon,0.12,0.32,0.64,0.41,0.3,0.41,0.33,0.22,0.3,0.26,0.14,0.3,0.38,0.29,0.33,0.15,0.02,-0.1,-0.1,-0.25,-0.07,-0.08
United Kingdom,0.98,0.93,1.04,0.68,0.27,0.14,0.13,0.67,0.58,0.49,0.12,0.41,0.35,0.4,0.49,0.42,0.52,0.36,0.39,0.08,0.54,0.47
Georgia,-1.57,-1.64,-0.81,-1.19,-1.3,-0.87,-0.75,-0.96,-0.64,-0.92,-0.97,-0.72,-0.66,-0.68,-0.44,-0.32,-0.47,-0.31,-0.37,-0.44,-0.49,-0.43
Ghana,-0.23,-0.14,-0.36,-0.16,0.03,0.04,0.17,0.01,-0.07,-0.03,0.03,0.03,0.17,0.13,0.06,-0.11,-0.03,-0.13,0.09,-0.03,0.13,0.13
Guinea,-1.15,-0.59,-1.91,-1.42,-0.79,-1.03,-1.16,-1.91,-2.4,-2.1,-2.12,-1.69,-1.39,-1.29,-1.23,-0.96,-0.39,-0.39,-0.7,-0.88,-0.84,-0.64
"Gambia, The",0.56,0.68,0.53,0.83,0.32,0.17,0.2,-0.03,0.05,0.07,0.12,0.07,0,0,-0.05,-0.15,0.02,-0.43,-0.08,-0.07,0.22,0.25
Guinea-Bissau,-1.54,-1.86,-0.35,-0.73,-0.49,-0.38,-0.56,-0.5,-0.46,-0.71,-0.67,-0.69,-0.75,-0.97,-0.9,-0.71,-0.52,-0.44,-0.5,-0.69,-0.56,-0.6
Equatorial Guinea,-0.13,-0.08,-0.04,-0.52,0.11,-0.06,-0.39,0.17,0.26,0.2,0.37,0.24,0.15,0.23,0.12,-0.37,-0.21,-0.14,-0.17,-0.09,-0.16,-0.19
Greece,0.55,0.77,0.81,0.88,0.48,0.49,0.51,0.63,0.52,0.27,-0.21,-0.13,-0.1,-0.22,-0.17,-0.14,-0.23,-0.12,-0.07,0.17,0.18,0.13
Grenada,0.91,0.95,1.02,0.92,0.89,0.88,0.41,0.39,0.38,0.39,0.39,0.52,0.36,0.49,0.43,0.77,0.79,1.02,1.01,0.99,0.95,1.03
Guatemala,-1.01,-0.67,-0.77,-0.84,-0.78,-0.81,-0.84,-0.74,-0.75,-0.71,-0.93,-0.85,-0.74,-0.63,-0.67,-0.66,-0.66,-0.54,-0.65,-0.54,-0.57,-0.43
French Guiana,0.04,0.05,0.03,0.3,0.31,0.17,0.21,0.05,0.06,0.07,0.3,0.19,0.19,0.22,0.22,0.53,0.57,0.55,0.5,0.52,0.26,0.33
Guyana,-0.27,0.12,-0.49,-0.56,-0.44,-0.56,-0.46,-0.73,-0.56,-0.63,-0.63,-0.46,-0.43,-0.5,-0.46,-0.14,-0.14,-0.03,-0.04,-0.19,-0.25,-0.15
"Hong Kong SAR, China",0.58,0.7,0.93,0.91,0.95,1.15,1.34,1.19,1.1,1.13,0.97,0.94,0.95,1.01,0.92,1.15,1.05,0.75,0.83,0.78,-0.22,0.09
Honduras,-0.47,0.03,-0.08,-0.26,-0.38,-0.39,-0.63,-0.67,-0.44,-0.53,-0.31,-0.5,-0.39,-0.35,-0.44,-0.53,-0.47,-0.43,-0.56,-0.53,-0.58,-0.54
Croatia,-0.04,0.07,0.28,0.63,0.56,0.69,0.43,0.56,0.6,0.57,0.61,0.61,0.62,0.61,0.64,0.62,0.59,0.66,0.69,0.8,0.69,0.61
Haiti,-0.76,-0.94,-0.63,-1.26,-1.32,-1.99,-1.81,-1.39,-1.32,-1.39,-0.96,-0.94,-0.99,-0.79,-0.63,-0.64,-0.67,-0.74,-0.67,-0.64,-0.89,-1.04
Hungary,1.01,1.22,0.92,1.26,1.13,0.83,1,0.99,0.75,0.75,0.54,0.69,0.74,0.68,0.8,0.67,0.75,0.65,0.81,0.75,0.77,0.86
Indonesia,-1.13,-1.73,-2,-1.58,-2.09,-1.91,-1.52,-1.42,-1.2,-1.06,-0.75,-0.85,-0.77,-0.59,-0.52,-0.42,-0.62,-0.37,-0.5,-0.55,-0.49,-0.5
India,-0.97,-1.2,-1,-1.21,-1.51,-1.28,-1.01,-1.06,-1.15,-1.11,-1.35,-1.28,-1.33,-1.29,-1.23,-1,-0.95,-0.95,-0.76,-0.99,-0.77,-0.86
Ireland,1.34,1.51,1.59,1.51,1.35,1.17,1.3,1.19,1.21,1.19,1.06,1.02,0.95,0.94,0.9,1.05,0.91,0.85,1,1.02,0.97,0.98
"Iran, Islamic Rep.",-0.32,-0.69,-0.73,-0.77,-0.78,-0.76,-0.78,-1.04,-0.93,-0.94,-1.56,-1.63,-1.42,-1.32,-1.25,-0.87,-0.93,-0.81,-0.93,-1.35,-1.71,-1.67
Iraq,-1.82,-1.53,-1.74,-1.61,-2.39,-3.18,-2.69,-2.83,-2.77,-2.47,-2.18,-2.24,-1.85,-1.93,-2.01,-2.48,-2.26,-2.31,-2.31,-2.53,-2.6,-2.53
Iceland,1.32,1.38,1.58,1.62,1.52,1.46,1.44,1.45,1.48,1.22,1.19,1.02,1.24,1.25,1.29,1.25,1.31,1.36,1.35,1.41,1.64,1.39
Israel,-1.15,-1.12,-1.04,-1.46,-1.52,-1.32,-1.25,-1.26,-1.25,-1.32,-1.63,-1.34,-1.2,-1.08,-1.1,-1.04,-1.09,-0.79,-0.89,-0.91,-0.79,-0.83
Italy,1.11,1.19,0.92,0.84,0.43,0.27,0.49,0.53,0.45,0.55,0.35,0.47,0.5,0.51,0.5,0.46,0.38,0.37,0.31,0.34,0.4,0.44
Jamaica,0.11,0.09,0.19,-0.21,-0.38,-0.35,-0.3,-0.32,-0.25,-0.31,-0.36,-0.43,-0.06,0.12,0.18,0.02,0.1,0.31,0.31,0.43,0.4,0.27
Jordan,-0.04,0.08,0,-0.46,-0.07,-0.23,-0.13,-0.76,-0.3,-0.37,-0.35,-0.31,-0.51,-0.52,-0.61,-0.54,-0.61,-0.49,-0.45,-0.39,-0.26,-0.32
Japan,1.16,1.25,1.2,1.18,1.03,1.03,1.04,1.14,1.01,0.89,0.98,0.88,1,0.95,1.02,0.97,1.07,0.98,1.11,1.05,1.03,1.04
Kazakhstan,-0.37,0.19,0.09,0.36,0.36,0.07,0.19,0.21,0.65,0.62,0.78,0.52,-0.34,-0.41,-0.4,0.04,-0.04,0.01,0.03,-0.05,-0.17,-0.26
Kenya,-0.65,-0.9,-1.07,-1.19,-1.26,-1.09,-1.25,-1.13,-1.3,-1.39,-1.43,-1.17,-1.24,-1.32,-1.17,-1.28,-1.24,-1.35,-1.13,-1.18,-1.1,-1
Kyrgyz Republic,-0.17,-0.17,-0.18,-0.61,-1.1,-1.18,-1.18,-1.39,-0.99,-0.57,-0.62,-1.04,-1.1,-0.91,-0.91,-0.8,-0.88,-0.65,-0.38,-0.54,-0.24,-0.43
Cambodia,-1.1,-1.26,-0.78,-0.73,-0.65,-0.41,-0.4,-0.35,-0.36,-0.3,-0.56,-0.5,-0.3,-0.1,-0.14,0.02,0.06,0.21,0.09,0.1,-0.09,-0.24
"Korea, Rep.",0.57,0.51,0.4,0.24,0.25,0.43,0.48,0.42,0.57,0.42,0.41,0.33,0.41,0.27,0.28,0.11,0.16,0.16,0.39,0.64,0.55,0.56
Kuwait,0.17,0.46,0.75,-0.15,0.29,0.34,0.25,0.41,0.62,0.5,0.35,0.45,0.31,0.2,0.17,0.15,-0.21,-0.05,-0.05,0.1,0.19,0.24
Lao PDR,0.37,-0.19,-0.58,-0.1,-1.23,-0.61,-0.49,-0.09,-0.18,0.02,-0.16,-0.28,-0.06,0.03,0.07,0.5,0.54,0.53,0.4,0.41,0.52,0.68
Lebanon,-0.67,-0.75,-0.44,-0.36,-0.46,-0.71,-1,-1.81,-2.12,-1.88,-1.56,-1.63,-1.56,-1.66,-1.69,-1.7,-1.7,-1.62,-1.63,-1.63,-1.67,-1.65
Liberia,-2.44,-1.75,-1.95,-2.19,-2.16,-1.37,-1.36,-1.33,-1.24,-1.29,-1.05,-0.47,-0.43,-0.48,-0.48,-0.62,-0.82,-0.44,-0.33,-0.21,-0.33,-0.37
Libya,-0.99,-0.81,-0.3,-0.1,0.12,0.36,0.45,0.36,0.75,0.81,0.83,0.03,-1.29,-1.59,-1.84,-2.35,-2.2,-2.28,-2.36,-2.44,-2.57,-2.48
St. Lucia,1.03,0.35,1.22,0.36,1.17,1.22,1,0.86,0.62,0.64,0.69,0.79,0.85,0.89,0.85,0.82,0.85,1.02,0.99,1.01,0.91,0.87
Liechtenstein,1.17,1.18,1.17,1.28,1.46,1.51,1.38,1.35,1.34,1.34,1.55,1.54,1.49,1.39,1.4,1.46,1.46,1.48,1.48,1.48,1.62,1.7
Sri Lanka,-1.78,-1.48,-1.9,-0.78,-0.83,-1.01,-1.15,-1.42,-1.75,-1.8,-1.34,-0.94,-0.72,-0.72,-0.61,-0.33,0.09,0,-0.07,-0.15,-0.22,-0.05
Lesotho,0.23,-0.12,0.1,-0.05,0.1,0.36,0,-0.13,-0.39,-0.21,0.33,0.46,0.38,0.27,0.34,-0.33,-0.31,-0.24,-0.19,-0.18,-0.42,-0.33
Lithuania,0.52,0.43,0.42,0.89,1.05,0.77,0.78,0.87,0.82,0.75,0.63,0.72,0.67,0.79,0.96,0.74,0.76,0.83,0.78,0.74,0.78,0.87
Luxembourg,1.38,1.38,1.61,1.64,1.44,1.32,1.33,1.4,1.48,1.51,1.45,1.46,1.32,1.33,1.34,1.38,1.44,1.42,1.33,1.36,1.35,1.23
Latvia,0.56,0.03,0.42,0.94,1,0.62,0.81,0.84,0.56,0.2,0.35,0.53,0.32,0.45,0.59,0.49,0.44,0.48,0.46,0.41,0.44,0.46
"Macao SAR, China",0.27,0.28,0.49,0.55,1.12,1.35,1.29,0.97,0.46,0.48,0.61,0.57,0.61,0.63,0.76,1.21,1.2,1.42,1.43,1.25,1.24,1.15
Morocco,-0.21,0.31,-0.07,-0.26,-0.41,-0.31,-0.56,-0.46,-0.5,-0.57,-0.4,-0.38,-0.39,-0.47,-0.49,-0.45,-0.34,-0.31,-0.37,-0.35,-0.34,-0.33
Moldova,0.01,0.39,-0.43,-0.16,-0.13,-0.22,-0.4,-0.37,-0.02,-0.27,-0.59,-0.38,-0.05,0.05,0,-0.16,-0.33,-0.3,-0.32,-0.4,-0.39,-0.42
Madagascar,0.22,0.2,0.16,-0.23,0.62,0.24,-0.02,0.18,0.09,-0.47,-0.73,-0.98,-0.71,-0.54,-0.66,-0.56,-0.43,-0.29,-0.3,-0.58,-0.32,-0.46
Maldives,0.88,1.11,1.18,1.08,1.03,0.5,0.81,0.76,0.08,-0.16,-0.23,-0.17,-0.24,-0.37,0.13,0.68,0.42,0.42,0.23,0.09,0.03,0.41
Mexico,-0.92,-0.42,-0.2,-0.06,-0.12,-0.21,-0.45,-0.64,-0.73,-0.8,-0.69,-0.73,-0.67,-0.66,-0.71,-0.85,-0.8,-0.63,-0.8,-0.65,-0.84,-0.85
North Macedonia,-0.48,-0.71,-0.62,-1.04,-0.99,-0.85,-1.16,-0.74,-0.43,-0.3,-0.3,-0.52,-0.62,-0.49,-0.42,0.26,-0.29,-0.35,-0.25,-0.21,0,0.1
Mali,0.36,0.43,0.24,0.41,0.26,0.45,0.18,0.41,0.23,0.21,-0.08,-0.18,-0.71,-2.03,-1.72,-1.71,-1.69,-1.62,-1.91,-2.09,-2.2,-2.15
Malta,1.32,1.43,1.59,1.6,1.55,1.32,1.38,1.23,1.27,1.27,1.25,1.25,1.06,1.07,1.04,1.13,1.06,1.08,1.25,1.28,1.02,0.95
Myanmar,-1.26,-1.48,-1.67,-1.41,-1.15,-0.99,-0.9,-0.85,-1.06,-1.09,-1.29,-1.29,-1.11,-0.94,-1.14,-1.09,-1.17,-0.8,-1.08,-1.27,-1.33,-1.51
Mongolia,0.75,0.35,0.82,1.17,0.96,0.77,0.88,0.65,0.67,0.54,0.61,0.6,0.61,0.47,0.49,0.79,0.72,0.8,0.79,0.83,0.63,0.79
Mozambique,-0.05,0.11,-0.13,0.19,0.25,0,0.12,0.52,0.36,0.38,0.63,0.39,0.33,0.39,-0.23,-0.34,-0.51,-1.09,-0.93,-0.82,-0.75,-1.16
Mauritania,0.37,0.35,0.34,0.38,0.06,-0.17,-0.23,0.24,-0.28,-0.64,-0.88,-1.08,-1.17,-1.13,-1.01,-0.59,-0.64,-0.75,-0.63,-0.63,-0.57,-0.75
Martinique,0.27,0.28,0.49,0.55,0.85,1.26,1.19,1.11,1.09,0.59,0.4,0.4,0.62,0.58,0.63,0.91,0.98,1,1,0.98,0.77,0.63
Mauritius,1.09,0.97,0.76,1.12,1.01,0.97,1.03,0.78,0.88,0.89,0.71,0.64,0.95,0.97,0.94,0.67,1,1.01,0.97,0.87,0.81,0.89
Malawi,-0.45,-0.07,-0.33,0,0.04,0.12,0.1,0.12,0.08,-0.06,0.05,0.04,-0.07,0,-0.21,0.08,0.03,-0.11,-0.25,-0.43,-0.28,-0.24
Malaysia,0.57,-0.04,0.09,0.54,0.49,0.35,0.56,0.29,0.19,0.11,-0.04,0.14,0.08,-0.01,0.05,0.27,0.26,0.14,0.12,0.25,0.14,0.12
Namibia,0.85,0.51,-0.25,0.15,0.48,0.66,0.63,0.78,1.02,1.2,0.93,0.85,0.91,0.98,0.96,0.61,0.73,0.71,0.63,0.69,0.53,0.65
Niger,0.03,-0.31,0.12,-0.13,0.04,-0.51,-0.49,-0.23,-0.46,-0.67,-1.15,-1.16,-0.88,-1.15,-1.32,-1.18,-1.07,-1.1,-1.27,-1.36,-1.41,-1.74
Nigeria,-1.06,-0.59,-1.46,-1.63,-1.63,-1.75,-1.67,-2.03,-2.01,-1.86,-2,-2.21,-1.96,-2.04,-2.09,-2.13,-1.93,-1.88,-2,-2.1,-1.92,-1.86
Nicaragua,-0.52,-0.49,-0.06,-0.09,-0.37,-0.34,-0.34,-0.27,-0.12,-0.22,-0.31,-0.5,-0.27,-0.35,-0.25,-0.04,-0.09,-0.09,-0.05,-0.95,-1,-0.65
Netherlands,1.53,1.59,1.76,1.31,1.16,1.02,0.99,0.9,0.78,0.87,0.94,0.94,1.11,1.19,1.14,1.05,0.93,0.91,0.92,0.85,0.85,0.85
Norway,1.46,1.44,1.53,1.61,1.21,1.2,1.3,1.25,1.15,1.29,1.28,1.33,1.34,1.33,1.35,1.12,1.16,1.2,1.17,1.14,1.17,1.25
Nepal,-0.07,-0.73,-1.17,-1.72,-1.89,-2.15,-2.1,-1.89,-1.88,-1.83,-1.62,-1.58,-1.42,-1.38,-1.13,-0.72,-1,-0.85,-0.61,-0.56,-0.45,-0.2
New Zealand,1.34,1.32,1.36,1.32,1.19,1.5,1.25,1.26,1.24,1.16,1.07,1.24,1.38,1.36,1.45,1.47,1.53,1.52,1.6,1.53,1.41,1.49
Oman,0.87,0.86,1.12,0.93,1.06,1.12,0.95,0.84,0.94,0.92,0.83,0.59,0.43,0.46,0.46,0.73,0.78,0.76,0.75,0.65,0.59,0.37
Pakistan,-1.12,-1.12,-1.1,-1.64,-1.55,-1.58,-1.75,-2.03,-2.43,-2.57,-2.64,-2.68,-2.81,-2.68,-2.6,-2.4,-2.48,-2.48,-2.41,-2.27,-2.27,-1.85
Panama,0.12,0.37,0.25,0.34,0.07,0.08,-0.16,-0.07,-0.06,-0.1,0.06,-0.12,-0.03,-0.18,-0.14,0.21,0.39,0.41,0.39,0.26,0.3,0.23
Peru,-1.06,-0.52,-0.99,-0.97,-1.16,-1.03,-0.98,-0.84,-0.77,-0.89,-1.18,-1,-0.76,-0.91,-0.81,-0.55,-0.4,-0.2,-0.26,-0.27,-0.15,-0.29
Philippines,-0.48,-0.25,-1.39,-0.86,-1.56,-1.71,-1.18,-1.64,-1.6,-1.78,-1.73,-1.65,-1.39,-1.19,-1.08,-0.71,-0.86,-1.38,-1.19,-1.09,-0.92,-0.79
Papua New Guinea,-0.77,-0.11,-0.21,-0.55,-0.56,-0.55,-0.93,-0.87,-0.75,-0.61,-0.79,-0.81,-0.75,-0.59,-0.52,-0.34,-0.42,-0.5,-0.7,-0.68,-0.7,-0.74
Poland,0.83,0.84,0.31,0.74,0.58,0.15,0.36,0.35,0.68,0.91,0.94,1.02,1.07,1.05,0.97,0.84,0.87,0.51,0.52,0.49,0.56,0.57
Puerto Rico,0.27,0.28,0.26,0.3,0.31,0.56,0.45,0.38,0.41,0.27,0.16,0.36,0.6,0.58,0.25,0.82,0.86,0.69,0.48,0.28,0.14,0.43
"Korea, Dem. Rep.",-0.5,-0.42,-0.01,0.18,0.22,0.22,0.02,-0.03,0.54,0.52,-0.03,-0.3,-0.25,-0.01,-0.44,-1.13,-1.15,-0.68,-0.5,-0.35,-0.32,-0.4
Portugal,1.29,1.37,1.4,1.44,1.29,0.97,1.02,0.95,0.82,0.99,0.79,0.72,0.74,0.78,0.75,0.81,0.92,0.97,1.12,1.13,1.07,1.03
Paraguay,-0.46,-0.74,-0.97,-1.22,-0.75,-0.57,-0.65,-0.77,-0.74,-0.72,-0.88,-0.83,-0.69,-0.87,-0.74,-0.09,0.04,0.14,0,-0.08,-0.01,0.02
Qatar,0.36,1.06,1.16,0.83,1.19,1.12,1.03,0.93,0.95,1.11,1.22,1.15,1.17,1.22,1.21,0.98,1,0.9,0.66,0.66,0.7,0.67
Romania,0.6,0.5,-0.38,0.46,0.32,0.06,0.08,0.15,0.2,0.18,0.36,0.27,0.19,0.08,0.18,0.05,0.19,0.28,0.06,0.05,0.56,0.59
Russian Federation,-1.17,-1.09,-1.4,-0.72,-1.19,-1.51,-1.27,-0.91,-0.86,-0.75,-0.97,-0.93,-1,-0.82,-0.74,-0.94,-1.03,-0.95,-0.64,-0.54,-0.56,-0.73
Rwanda,-1.84,-2.03,-1.69,-1.65,-1.11,-1.19,-1,-0.68,-0.36,-0.32,-0.51,-0.27,-0.18,-0.23,-0.11,-0.31,0.01,-0.05,0.09,0.11,0.06,0.03
Samoa,1.32,1.34,1.28,1.1,1.27,1.16,1.13,1.1,1,1.1,0.96,0.77,0.99,1,0.99,1.12,1.18,1.2,1.18,1.17,1.16,1.16
Saudi Arabia,-0.19,0.11,0.23,0,0.14,-0.66,-0.24,-0.52,-0.47,-0.34,-0.49,-0.23,-0.46,-0.48,-0.43,-0.29,-0.63,-0.46,-0.64,-0.62,-0.61,-0.66
Sudan,-2.48,-2.26,-2.24,-1.84,-1.98,-1.55,-1.98,-2.14,-2.36,-2.49,-2.65,-2.67,-2.52,-2.26,-2.19,-2.36,-2.16,-2.34,-1.98,-1.82,-1.7,-1.76
Senegal,-0.6,-0.99,-0.59,-0.27,-0.25,0.03,-0.2,-0.26,-0.24,-0.15,-0.2,-0.42,-0.28,-0.11,-0.06,-0.2,-0.12,-0.22,-0.05,-0.1,0.05,-0.02
Singapore,1.12,0.93,1.14,1.26,0.88,1.09,1.16,1.25,1.17,1.35,1.18,1.17,1.19,1.37,1.38,1.19,1.31,1.5,1.62,1.49,1.5,1.47
Solomon Islands,1.03,1.11,-0.74,-0.44,0.36,0.02,-0.02,0.07,0.23,0.21,0.21,0.34,0.31,0.19,0.3,0.47,0.66,0.51,0.2,0.36,0.51,0.64
Sierra Leone,-1.69,-2.17,-1.87,-0.69,-1.08,-0.51,-0.48,-0.3,-0.06,-0.24,-0.29,-0.24,-0.17,-0.28,-0.17,-0.1,-0.1,-0.16,-0.04,-0.09,-0.05,-0.24
El Salvador,-0.21,0.09,0.33,0.3,-0.18,-0.07,-0.03,-0.17,-0.01,0.04,-0.01,0.06,0.11,0.23,-0.03,-0.02,-0.02,-0.1,-0.26,-0.39,-0.11,-0.02
Somalia,-2.51,-2.14,-1.95,-2.38,-2.58,-2.88,-2.71,-2.75,-3.22,-3.28,-3.31,-3.13,-3.08,-2.86,-2.76,-2.52,-2.38,-2.36,-2.26,-2.26,-2.39,-2.52
São Tomé and Principe,1.05,1.08,1.15,0.55,0.26,0.57,0.58,0.35,0.39,0.18,0.15,0.12,0.01,0.01,0.11,0.18,0.14,0.22,0.19,0.52,0.51,0.48
Suriname,0.44,0.6,0.21,0.49,0.48,0.3,0.23,-0.02,-0.02,0.1,0.15,0.08,0.12,0.08,0.13,0.25,0.26,0.16,0.13,0.07,0.1,0.42
Slovak Republic,0.88,1.18,0.66,0.94,0.95,0.59,0.9,0.78,1.04,1.08,0.92,1.05,0.97,1.09,1.12,1.04,0.87,0.72,0.91,0.74,0.67,0.64
Slovenia,1.31,1.24,0.89,1.3,1.19,1.08,1.09,1.08,1.1,1.15,0.93,0.87,0.97,0.94,0.88,0.97,0.95,0.99,0.87,0.9,0.81,0.71
Sweden,1.46,1.4,1.39,1.48,1.34,1.36,1.3,1.29,1.27,1.13,1.09,1.09,1.23,1.17,1.13,1.07,0.95,1.02,0.98,0.94,1.04,1.02
Eswatini,-0.21,0,0.04,0.13,0.07,-0.01,-0.4,-0.27,0.05,-0.08,-0.01,-0.08,-0.48,-0.41,-0.43,-0.5,-0.48,-0.49,-0.27,-0.37,-0.27,-0.12
Seychelles,1.05,1.08,1.28,0.9,0.65,0.66,0.93,0.91,0.79,0.75,0.6,0.86,0.94,0.74,0.83,0.36,0.69,0.73,0.79,0.69,0.68,0.72
Syrian Arab Republic,-0.35,-0.04,-0.18,0.28,0.06,-0.29,-0.46,-0.28,-0.34,-0.34,-0.51,-0.81,-2.01,-2.68,-2.68,-2.75,-2.97,-2.92,-2.62,-2.74,-2.73,-2.73
Chad,-1,-1.3,-1.14,-1.56,-1.37,-1.54,-1.44,-1.83,-1.87,-1.97,-1.73,-1.52,-1.32,-1.04,-1.09,-1.57,-0.97,-1.3,-1.29,-1.48,-1.34,-1.26
Togo,-0.38,-0.61,-0.29,0.05,-0.19,-0.32,-1.45,-0.53,-0.34,-0.17,-0.17,-0.18,-0.16,-0.39,-0.35,-0.17,-0.23,-0.17,-0.88,-0.89,-0.92,-0.92
Thailand,0.47,0.64,0.46,0.51,-0.14,-0.72,-0.87,-1.13,-1.11,-1.27,-1.42,-1.44,-1.13,-1.22,-1.31,-0.91,-0.99,-0.99,-0.75,-0.8,-0.48,-0.62
Tajikistan,-2.11,-1.84,-1.65,-0.98,-1.1,-1.31,-1.39,-1.39,-0.75,-0.83,-1.03,-1.03,-1.02,-1.24,-1.18,-0.69,-0.88,-0.78,-0.67,-0.75,-0.52,-0.52
Turkmenistan,0.45,0.2,0.01,0.07,0.05,-0.12,0.07,-0.25,0.28,0.53,0.48,0.33,0.23,0.43,0.25,0.07,-0.09,-0.19,-0.13,-0.01,-0.19,-0.29
Trinidad and Tobago,0.27,0.41,0.15,-0.09,-0.25,-0.07,-0.12,-0.24,-0.19,-0.12,-0.14,-0.05,0.14,0.1,0.09,0.25,0.29,0.29,0.28,0.24,0.1,0.18
Tunisia,0.26,0.27,0.32,0.15,0.32,0.15,0.02,0.21,0.16,0.1,0.06,-0.06,-0.35,-0.72,-0.9,-0.85,-0.96,-1.14,-1.02,-0.87,-0.87,-0.63
Turkey,-1.26,-1.23,-0.8,-0.81,-0.77,-0.83,-0.6,-0.59,-0.82,-0.82,-1.03,-0.92,-0.96,-1.22,-1.25,-1.09,-1.49,-2.01,-1.79,-1.32,-1.37,-1.19
"Taiwan, China",1.06,0.96,0.54,0.7,0.64,0.61,0.67,0.68,0.55,0.84,0.57,0.86,0.95,0.89,0.87,0.77,0.92,0.93,0.86,0.85,0.79,0.77
Tanzania,-0.62,-0.41,-0.7,-0.25,-0.85,-0.67,-0.58,-0.36,-0.39,-0.23,0.09,0.01,-0.02,0.05,-0.16,-0.6,-0.42,-0.44,-0.56,-0.57,-0.37,-0.41
Uganda,-1.53,-1.1,-1.25,-1.42,-1.56,-1.31,-1.42,-1.14,-0.92,-0.88,-0.99,-1,-0.98,-0.87,-0.84,-0.94,-0.8,-0.72,-0.57,-0.7,-0.69,-0.78
Ukraine,-0.15,-0.12,-0.41,-0.3,-0.36,-0.47,-0.29,-0.04,0.17,0.04,-0.3,0.01,-0.07,-0.09,-0.78,-2.02,-1.96,-1.86,-1.87,-1.87,-1.42,-1.16
Uruguay,0.62,0.77,0.93,0.84,0.71,0.59,0.78,0.9,0.84,0.85,0.79,0.82,0.96,0.71,0.8,0.99,1,1.06,1.05,1.03,1.04,1.05
United States,0.94,0.88,1.08,0.29,0.08,-0.23,-0.06,0.49,0.38,0.59,0.45,0.44,0.59,0.63,0.64,0.58,0.68,0.4,0.29,0.42,0.13,-0.02
Uzbekistan,-0.55,-0.68,-1.31,-1.06,-1.3,-1.46,-1.96,-1.78,-1.36,-1.21,-0.95,-0.72,-0.6,-0.52,-0.54,-0.27,-0.37,-0.27,-0.24,-0.3,-0.28,-0.44
St. Vincent and the Grenadines,1.03,1.11,1.22,0.36,0.76,1.03,1.15,1.06,0.79,0.8,0.73,0.79,0.85,0.93,0.85,0.82,1,1.02,0.89,0.84,0.95,1.03
"Venezuela, RB",-0.58,-0.54,-0.76,-1.32,-1.29,-1.39,-1.25,-1.25,-1.23,-1.31,-1.28,-1.26,-1.09,-1.03,-1.08,-0.85,-0.98,-1.02,-1.27,-1.35,-1.54,-1.52
Vietnam,0.53,0.32,0.41,0.35,0.13,0.15,0.48,0.4,0.25,0.16,0.27,0.15,0.19,0.27,0.25,-0.02,0.07,0.23,0.23,0.06,0.03,-0.07
Vanuatu,1.03,1.11,1.22,1.16,0.76,0.62,1.38,1.35,1.23,1.18,1.23,1.28,1.11,1.2,1.16,0.64,0.48,0.51,0.7,0.94,1.02,0.9
West Bank and Gaza,-1.54,-1.54,-1.55,-1.65,-1.3,-1.13,-1.41,-1.73,-1.98,-2,-2.04,-1.97,-1.94,-1.96,-1.78,-1.99,-2.16,-1.98,-1.66,-1.82,-1.9,-2.05
"Yemen, Rep.",-1.31,-1.19,-1.14,-1.31,-1.48,-1.55,-1.44,-1.35,-1.59,-2.01,-2.33,-2.42,-2.43,-2.43,-2.37,-2.67,-2.68,-2.79,-2.94,-3.01,-2.77,-2.67
Serbia,-1.03,-2.14,-1.64,-0.51,-0.58,-0.51,-0.77,-0.54,-0.59,-0.54,-0.48,-0.42,-0.28,-0.22,-0.08,0.18,0.24,0.14,0.09,0.01,-0.07,-0.09
South Africa,-0.38,-0.54,-0.23,-0.25,-0.31,-0.13,-0.16,0.05,0.22,0.05,-0.11,-0.03,0.02,-0.03,-0.05,-0.15,-0.21,-0.14,-0.28,-0.23,-0.27,-0.24
"Congo, Dem. Rep.",-2.68,-2.84,-2.48,-1.98,-2.03,-2.39,-2.13,-2.25,-2.18,-2.01,-2,-2.2,-2.21,-2.09,-2.19,-2.17,-2.15,-2.23,-2.3,-2.11,-1.59,-1.71
Zambia,-0.16,0.22,0.03,-0.28,0.22,0.19,0.11,0.36,0.36,0.47,0.57,0.52,0.51,0.66,0.44,0.16,0.15,0.14,0.15,0.09,-0.11,-0.13
Zimbabwe,-0.46,-0.74,-1.32,-1.52,-1.09,-1.21,-1.27,-0.93,-1.11,-1.21,-1.17,-1.1,-0.95,-0.78,-0.67,-0.71,-0.62,-0.62,-0.71,-0.72,-0.96,-1.08
